ASIN,
B09BHV4DWG,
B082WSYYCX,
B082WSZXHB,
B072MSQDQG,
B00RP0J7AW,
B079FN8N4T,
B0BQC5XRMF,
B09CTY5P2L,
B00HLUUNOK,
B075RGG4Y5,
B00VYLJ4H4,
B015O6A68K,
B09ZJ9QXZY,
B01N55NF5G,
B0BFBDBJK2,
B09SGB55N4,
B00N4K5PDK,
B00SKVYB6K,
B00VRGPXF8,
B075RFR2CV,
B06WP9PPT6,
B0B9HC9HSR,
B07FYHM3QY,
B07S5L9937,
B08X7BYVZQ,
B015O6A6GM,
B00O4QVS66,
B07Y8DPHCL,
B00G3DNXIE,
B0BNL2X57R,
B09BJ7LNR6,
B06WGV3DBP,
B08NKXBJX1,
B07JVLQ38M,
B08LVXG2V1,
B07W3VJQZD,
B08J8XNFNC,
B08J8XCSH4,
B08J8XCSHB,
B08J8XN21F,
B09CTZ6WKM,
B09CTZZGFY,
B07S5L8VYG,
B07FZ4PVRP,
B08J8XH5BH,
B0BFGMJSV6,
B015O6AFPE,
B07Y8DHN3F,
B093C19CSD,
B079Z9GXQS,
B0987D6J4J,
B0987BBB14,
B0987C1JFD,
B0987CNV93,
B0987B62CP,
B0987BTDT2,
B0987D9K2X,
B0987C6H2S,
B08NPG5D5Y,
B0BDVBHWWD,
B08JVC7VB4,
B08HS77R9B,
B00FM266R2,
B08NP5M6D4,
B09K7ZS81N,
B08NK25BLP,
B08RYGFL21,
B08NPF5HWD,
B09CYDKRZ6,
B08NPR9BYM,
B09CYM6KR3,
B08JVCHZF3,
B08R7NSVL5,
B08XBZV29G,
B08JV8FFYH,
B01JOL22Y2,
B08JV9VVQT,
B08JV7QK54,
B08JV9LX42,
B01LXNKQOL,
B0711KBY99,
B071451JHC,
B0755CJFPL,
B076998CD8,
B08JV87TZW,
B08R7NM2SF,
B08JV8L49M,
B08NPR8QNN,
B08NK1L69Z,
B08NPMMFWQ,
B0848JZ6KP,
B009E7CBIY,
B00IRAFHB2,
B0BLCXY3J8,
B0BLCZ42BG,
B08J8ZLLDT,
B08J8Z15M1,
B08J8ZH957,
B08J8XJHNM,
B078RL1X78,
B09CTZV4TM,
B09CTZF711,
B09KV6G5KT,
B09CTZM9LJ,
B0B8JFYZ34,
B07Y8GCMLG,
B07Y8GH4K8,
B07Y8GQVND,
B08J8XMFQN,
B09GTTY863,
B08HR23S41,
B08HR1VGSR,
B07Y8FDGDQ,
B07Y8GQMP5,
B07Y8GR1WS,
B07Y8FZ6GJ,
B0056C02MI,
B00K6MR6JK,
B00M975Z7K,
B0056BZZDA,
B00A9269R2,
B07VGH4Z81,
B07VC16GW8,
B07W4JVN8S,
B07WBZC85N,
B09N2JV9X3,
B0BCPB5TYQ,
B08V11MR92,
B09SDHHKJZ,
B00GLSDCS2,
B08X6QMR36,
B08HS4ZSMH,
B08HS61FJ5,
B0B1QV8TWC,
B07S61V42S,
B07P35DTPJ,
B07CKY9SNZ,
B07PPC54RD,
B07CKRCMB7,
B07MZGRDJ4,
B07NYRRF1Y
