ASIN,NUMERO
B09BHV4DWG,1
B082WSYYCX,2
B082WSZXHB,3
B072MSQDQG,4
B00RP0J7AW,5
B079FN8N4T,6
B0BQC5XRMF,7
B09CTY5P2L,8
B00HLUUNOK,9
B075RGG4Y5,10
B00VYLJ4H4,11
B015O6A68K,12
B09ZJ9QXZY,13
B01N55NF5G,14
B0BFBDBJK2,15
B09SGB55N4,16
B00N4K5PDK,17
B00SKVYB6K,18
B00VRGPXF8,19
B075RFR2CV,20
B06WP9PPT6,21
B0B9HC9HSR,22
B07FYHM3QY,23
B07S5L9937,24
B08X7BYVZQ,25
B015O6A6GM,26
B00O4QVS66,27
B07Y8DPHCL,28
B00G3DNXIE,29
B0BNL2X57R,30
B09BJ7LNR6,31
B06WGV3DBP,32
B08NKXBJX1,33
B07JVLQ38M,34
B08LVXG2V1,35
B07W3VJQZD,36
B08J8XNFNC,37
B08J8XCSH4,38
B08J8XCSHB,39
B08J8XN21F,40
B09CTZ6WKM,41
B09CTZZGFY,42
B07S5L8VYG,43
B07FZ4PVRP,44
B08J8XH5BH,45
B0BFGMJSV6,46
B015O6AFPE,47
B07Y8DHN3F,48
B093C19CSD,49
B079Z9GXQS,50
B0987D6J4J,51
B0987BBB14,52
B0987C1JFD,53
B0987CNV93,54
B0987B62CP,55
B0987BTDT2,56
B0987D9K2X,57
B0987C6H2S,58
B08NPG5D5Y,59
B0BDVBHWWD,60
B08JVC7VB4,61
B08HS77R9B,62
B00FM266R2,63
B08NP5M6D4,64
B09K7ZS81N,65
B08NK25BLP,66
B08RYGFL21,67
B08NPF5HWD,68
B09CYDKRZ6,69
B08NPR9BYM,70
B09CYM6KR3,71
B08JVCHZF3,72
B08R7NSVL5,73
B08XBZV29G,74
B08JV8FFYH,75
B01JOL22Y2,76
B08JV9VVQT,77
B08JV7QK54,78
B08JV9LX42,79
B01LXNKQOL,80
B0711KBY99,81
B071451JHC,82
B0755CJFPL,83
B076998CD8,84
B08JV87TZW,85
B08R7NM2SF,86
B08JV8L49M,87
B08NPR8QNN,88
B08NK1L69Z,89
B08NPMMFWQ,90
B0848JZ6KP,91
B009E7CBIY,92
B00IRAFHB2,93
B0BLCXY3J8,94
B0BLCZ42BG,95
B08J8ZLLDT,96
B08J8Z15M1,97
B08J8ZH957,98
B08J8XJHNM,99
B078RL1X78,100
B09CTZV4TM,101
B09CTZF711,102
B09KV6G5KT,103
B09CTZM9LJ,104
B0B8JFYZ34,105
B07Y8GCMLG,106
B07Y8GH4K8,107
B07Y8GQVND,108
B08J8XMFQN,109
B09GTTY863,110
B08HR23S41,111
B08HR1VGSR,112
B07Y8FDGDQ,113
B07Y8GQMP5,114
B07Y8GR1WS,115
B07Y8FZ6GJ,116
B0056C02MI,117
B00K6MR6JK,118
B00M975Z7K,119
B0056BZZDA,120
B00A9269R2,121
B07VGH4Z81,122
B07VC16GW8,123
B07W4JVN8S,124
B07WBZC85N,125
B09N2JV9X3,126
B0BCPB5TYQ,127
B08V11MR92,128
B09SDHHKJZ,129
B00GLSDCS2,130
B08X6QMR36,131
B08HS4ZSMH,132
B08HS61FJ5,133
B0B1QV8TWC,134
B07S61V42S,135
B07P35DTPJ,136
B07CKY9SNZ,137
B07PPC54RD,138
B07CKRCMB7,139
B07MZGRDJ4,140
B07NYRRF1Y,141